<?xml version="1.0" encoding="UTF-8"?>
<project-private xmlns="http://www.netbeans.org/ns/project-private/1">
    <editor-bookmarks xmlns="http://www.netbeans.org/ns/editor-bookmarks/2" lastBookmarkId="0"/>
    <open-files xmlns="http://www.netbeans.org/ns/projectui-open-files/2">
        <group>
            <file>file:/C:/Users/sergi/OneDrive%20-%20UNIVERSIDAD%20DE%20CUNDINAMARCA/Documentos%201/NetBeansProjects/Interfaz_CowApp/src/co/udec/Registro_Bovinos_Vacas.java</file>
            <file>file:/C:/Users/sergi/OneDrive%20-%20UNIVERSIDAD%20DE%20CUNDINAMARCA/Documentos%201/NetBeansProjects/Interfaz_CowApp/src/co/udec/Ingresar_Datos.java</file>
            <file>file:/C:/Users/sergi/OneDrive%20-%20UNIVERSIDAD%20DE%20CUNDINAMARCA/Documentos%201/NetBeansProjects/Interfaz_CowApp/src/co/udec/Vista_general.java</file>
            <file>file:/C:/Users/sergi/OneDrive%20-%20UNIVERSIDAD%20DE%20CUNDINAMARCA/Documentos%201/NetBeansProjects/Interfaz_CowApp/src/co/udec/Menu.java</file>
            <file>file:/C:/Users/sergi/OneDrive%20-%20UNIVERSIDAD%20DE%20CUNDINAMARCA/Documentos%201/NetBeansProjects/Interfaz_CowApp/src/co/udec/Registro_.java</file>
        </group>
    </open-files>
</project-private>
